contexts,evolution_type,metadata,episode_done,question,ground_truth
"['∙ 또한 크라우드소싱 플랫폼이 할당한 라이선스는 데이터셋 원저작자의 의도보다 더 광범위한 사용을\n허용한 경우가 상당수\n∙ 데이터 생태계 분석 결과, 부정확하거나 모호한 라이선스 문서화 등 데이터 출처 입증과 관련된 관행\n전반에서 구조적 문제가 드러남\nn 연구진은 데이터 출처 탐색기만으로는 해결이 어려운 법적 이슈도 존재한다며 일관된 법적 프레임\n워크의 필요성을 제기\n∙ 일례로 데이터를 수집한 지역, 모델 훈련 지역, 모델 배포 지역마다 규제가 다르면 어떤 법률을\n적용해야 하는지 실무자의 판단이 어려울 수 있으며, 서로 다른 라이선스를 적용받는 개별 데이터셋을\n하나로 통합해 사용하는 경우에도 각각의 라이선스 조건 준수에 어려움이 발생\n☞ 출처 : Cohere, Data Provenance Explorer Launches to Tackle Data Transparency Crisis, 2023.10.25.\n8']",simple,"[{'source': '/Users/imkdw/study/RAG 비법노트/22. RAG 평가와 개선/SPRI_AI_Brief_2023년12월호_F.pdf', 'file_path': '/Users/imkdw/study/RAG 비법노트/22. RAG 평가와 개선/SPRI_AI_Brief_2023년12월호_F.pdf', 'page': 10, 'total_pages': 23, 'Author': 'dj', 'Creator': 'Hwp 2018 10.0.0.13462', 'Producer': 'Hancom PDF 1.3.0.542', 'CreationDate': ""D:20231208132838+09'00'"", 'ModDate': ""D:20231208132838+09'00'"", 'PDFVersion': '1.4', 'filename': '/Users/imkdw/study/RAG 비법노트/22. RAG 평가와 개선/SPRI_AI_Brief_2023년12월호_F.pdf'}]",True,Cohere의 데이터 출처 탐색기의 목적은 무엇인가요?,Cohere의 데이터 출처 탐색기의 목적은 데이터 투명성 위기를 해결하기 위한 것입니다.
"['£유튜브, 특정인을 모방한 AI 생성 콘텐츠에 대한 삭제 요청에도 대응 계획\nn 유튜브는 몇 달 내에 신원 파악이 가능한 개인의 얼굴이나 음성을 모방한 AI 생성 콘텐츠에 대하\n여 개인정보 침해 신고 절차를 마련해 삭제 요청을 받을 계획\n∙ 단, 모든 콘텐츠가 삭제 대상은 아니며 유튜브는 콘텐츠가 패러디나 풍자인지, 해당 영상에서 삭제 요청을\n한 특정인을 식별할 수 있는지, 공직자나 유명인이 등장하는지 등 다양한 요소를 고려할 예정\n∙ 유튜브는 음반사가 아티스트의 고유한 노래나 목소리를 모방한 AI 생성 음악에 대하여 삭제를 요청할 수\n있는 기능도 도입할 방침\n☞ 출처 : Youtube, Our approach to responsible AI innovation, 2023.11.14.\n14']",simple,"[{'source': '/Users/imkdw/study/RAG 비법노트/22. RAG 평가와 개선/SPRI_AI_Brief_2023년12월호_F.pdf', 'file_path': '/Users/imkdw/study/RAG 비법노트/22. RAG 평가와 개선/SPRI_AI_Brief_2023년12월호_F.pdf', 'page': 16, 'total_pages': 23, 'Author': 'dj', 'Creator': 'Hwp 2018 10.0.0.13462', 'Producer': 'Hancom PDF 1.3.0.542', 'CreationDate': ""D:20231208132838+09'00'"", 'ModDate': ""D:20231208132838+09'00'"", 'PDFVersion': '1.4', 'filename': '/Users/imkdw/study/RAG 비법노트/22. RAG 평가와 개선/SPRI_AI_Brief_2023년12월호_F.pdf'}]",True,AI 개발에서 데이터 프라이버시를 보장하기 위해 어떤 조치가 제안되나요?,주어진 질문에 대한 답변이 컨텍스트에 없습니다.
"['중점 지원할 예정\n∙ 포럼에 따르면 AI 레드팀에 대한 자금 지원은 AI 모델의 안전과 보안 기준의 개선과 함께 AI 시스템\n위험 대응 방안에 관한 산업계와 정부, 시민사회의 통찰력 확보에 도움이 될 전망으로, 포럼은 향후 몇\n달 안에 기금 지원을 위한 제안 요청을 받을 계획\nn 프런티어 모델 포럼은 출범 이후 업계 전반에 걸쳐 AI 레드팀 구성에 관한 모범사례 공유를 추진하는\n한편, 첨단 AI 모델의 취약점이나 잠재적으로 위험한 기능 및 위험 완화 관련 정보를 공유할 수\n있는 공개 절차도 개발 중\n☞ 출처: Google, Anthropic, Google, Microsoft and OpenAI announce Executive Director of the Frontier Model\nForum and over $10 million for a new AI Safety Fund, 2023.10.25.']",simple,"[{'source': '/Users/imkdw/study/RAG 비법노트/22. RAG 평가와 개선/SPRI_AI_Brief_2023년12월호_F.pdf', 'file_path': '/Users/imkdw/study/RAG 비법노트/22. RAG 평가와 개선/SPRI_AI_Brief_2023년12월호_F.pdf', 'page': 9, 'total_pages': 23, 'Author': 'dj', 'Creator': 'Hwp 2018 10.0.0.13462', 'Producer': 'Hancom PDF 1.3.0.542', 'CreationDate': ""D:20231208132838+09'00'"", 'ModDate': ""D:20231208132838+09'00'"", 'PDFVersion': '1.4', 'filename': '/Users/imkdw/study/RAG 비법노트/22. RAG 평가와 개선/SPRI_AI_Brief_2023년12월호_F.pdf'}]",True,최근 AI 안전 및 자금 지원과 관련하여 OpenAI와 관련된 어떤 발표가 있었나요?,"구글, 앤트로픽, 구글, 마이크로소프트, 오픈AI는 2023년 10월 25일 프론티어 모델 포럼의 상임 디렉터와 새로운 AI 안전 기금 1,000만 달러 이상을 발표했습니다."
"['SPRi AI Brief |\n2023-12월호\nEU AI 법 3자 협상, 기반모델 규제 관련 견해차로 난항\nKEY Contents\nn 유럽의회, EU 집행위원회, EU 이사회가 진행 중인 AI 법 최종협상에서 프랑스, 이탈리아,\n독일이 기반모델에 대한 규제에 반대하며 협상이 난관에 봉착\nn 프랑스, 이탈리아, 독일 3개국은 기반모델 개발기업에 대하여 자율적 행동강령을 도입하고\n준수를 의무화하는 방안을 제안\n£AI 법 3자 협상, 이사회 일부 국가가 기반모델 규제에 반대하며 차질\nn 유럽의회, EU 집행위원회, EU 이사회가 ‘AI 법(AI act)’에 대한 최종협상을 진행 중인 가운데,\n일부 국가가 기반모델에 대한 규제에 반대하며 협상이 난관에 봉착\n∙ 10월 24일 열린 3자 협상 회의에서는 사회에 더 큰 영향을 미치는 강력한 AI 모델에 더 엄격한 규칙을\n적용하는 계층적 접근방식에 따라 기반 모델 규제에 대한 기본적인 합의에 도달\n∙ 그러나 11월 10일 열린 통신작업반 회의에서 EU 이사회의 프랑스, 독일, 이탈리아 대표가\n기반모델에 대한 모든 유형의 규제에 반대하며 협상이 중단됨\nn 유럽 정책 미디어 유랙티브(Euractive)에 따르면 프랑스 AI 기업 미스트랄(Mistral)이 로비를 통해\n기반모델에 대한 규제 반대를 주도\n∙ 독일의 대표적인 AI 기업 알레프 알파(Aleph Alpha) 역시 독일 정부에 압력을 행사하고 있으며, 이들\n기업은 EU의 AI 규제로 인해 미국과 중국의 경쟁사보다 뒤처질 것을 우려\n£독일, 프랑스, 이탈리아 3개국, 기반모델에 대한 ‘의무적 자율규제’ 제안\nn 통신작업반 회의가 결렬된 이후 독일, 프랑스, 이탈리아는 2023년 11월 19일 비공식 문서를 통해\n‘의무적 자율규제(Mandatory Self-regulation)’ 방식의 기반모델 규제를 제안\n∙ 3개국은 기반모델 전반에 대한 규제가 기술 중립적이고 위험 기반의 AI 규제 원칙에 어긋난다고']",reasoning,"[{'source': '/Users/imkdw/study/RAG 비법노트/22. RAG 평가와 개선/SPRI_AI_Brief_2023년12월호_F.pdf', 'file_path': '/Users/imkdw/study/RAG 비법노트/22. RAG 평가와 개선/SPRI_AI_Brief_2023년12월호_F.pdf', 'page': 8, 'total_pages': 23, 'Author': 'dj', 'Creator': 'Hwp 2018 10.0.0.13462', 'Producer': 'Hancom PDF 1.3.0.542', 'CreationDate': ""D:20231208132838+09'00'"", 'ModDate': ""D:20231208132838+09'00'"", 'PDFVersion': '1.4', 'filename': '/Users/imkdw/study/RAG 비법노트/22. RAG 평가와 개선/SPRI_AI_Brief_2023년12월호_F.pdf'}]",True,"AI 규정 준수와 EU AI 법, 그리고 회원국에 미치는 영향은 어떻게 연결되나요?","이 문맥에서는 EU AI 법과 AI 규정 준수에 대한 의미를 설명하며, 이 법이 회원국 내 AI 규제의 핵심임을 나타냅니다. 또한 이 법의 목표는 AI 규정 준수를 보장하는 것이며 회원국은 이러한 규정을 효과적으로 이행해야 한다는 점을 강조합니다. 이 법이 회원국에 미치는 영향에는 EU의 AI 규정 준수 프레임워크에 맞게 국내법을 개정해야 한다는 요구 사항이 포함됩니다."
"['머신러닝(+40%), 텐서플로우(+38%), 딥러닝(+27%), 자연어처리(+19%), 데이터 과학(+17%) 순\n<AI 기술 유형 평균 기술 대비 갖는 임금 프리미엄>\n☞ 출처 : Oxford Internet Institute, AI comes out on top: Oxford Study identifies the economic value of specific skills, 2023.10.24.\n18', 'Ⅱ\n. 주요 행사 일정\n행사명 행사 주요 개요\n- 미국 소비자기술 협회(CTA)가 주관하는 세계 최대 가전·IT·소\n비재 전시회로 5G, AR&VR, 디지털헬스, 교통·모빌리티 등\n주요 카테고리 중심으로 기업들이 최신의 기술 제품군을 전시\n- CTA 사피로 회장은 가장 주목받는 섹터로 AI를 조명하였으며,\n모든 산업을 포괄한다는 의미에서 ‘올 온(All on)’을 주제로 한\nCES 2024\n이번 전시에는 500곳 이상의 한국기업 참가 예정\n기간 장소 홈페이지\n2024.1.9~12 미국, 라스베가스 https://www.ces.tech/\n- 머신러닝 및 응용에 관한 국제 컨퍼런스(AIMLA 2024)는\n인공지능 및 머신러닝의 이론, 방법론 및 실용적 접근에 관한\n지식과 최신 연구 결과 공유\n- 이론 및 실무 측면에서 인공지능, 기계학습의 주요 분야를\n논의하고, 학계, 산업계의 연구자와 실무자들에게 해당 분\nAIMLA 2024\n야의 최첨단 개발 소식 공유\n기간 장소 홈페이지\nhttps://ccnet2024.org/aimla\n2024.1.27~28 덴마크, 코펜하겐\n/index\n- AI 발전 협회 컨퍼런스(AAAI)는 AI 연구를 촉진하고, AI 분야\n연구원, 실무자, 과학자, 학생 및 공학자 간 교류의 기회 제공\n- 컨퍼런스에서 AI 관련 기술 발표, 특별 트랙, 초청 연사,\nAAAI Conference\n워크숍, 튜토리얼, 포스터 세션, 주제 발표, 대회, 전시 프\non Artificial\n로그램 등 진행\nIntelligence\n기간 장소 홈페이지\nhttps://aaai.org/aaai-confere\n2024.2.20~27 캐나다, 밴쿠버\nnce/']",reasoning,"[{'source': '/Users/imkdw/study/RAG 비법노트/22. RAG 평가와 개선/SPRI_AI_Brief_2023년12월호_F.pdf', 'file_path': '/Users/imkdw/study/RAG 비법노트/22. RAG 평가와 개선/SPRI_AI_Brief_2023년12월호_F.pdf', 'page': 20, 'total_pages': 23, 'Author': 'dj', 'Creator': 'Hwp 2018 10.0.0.13462', 'Producer': 'Hancom PDF 1.3.0.542', 'CreationDate': ""D:20231208132838+09'00'"", 'ModDate': ""D:20231208132838+09'00'"", 'PDFVersion': '1.4', 'filename': '/Users/imkdw/study/RAG 비법노트/22. RAG 평가와 개선/SPRI_AI_Brief_2023년12월호_F.pdf'}, {'source': '/Users/imkdw/study/RAG 비법노트/22. RAG 평가와 개선/SPRI_AI_Brief_2023년12월호_F.pdf', 'file_path': '/Users/imkdw/study/RAG 비법노트/22. RAG 평가와 개선/SPRI_AI_Brief_2023년12월호_F.pdf', 'page': 21, 'total_pages': 23, 'Author': 'dj', 'Creator': 'Hwp 2018 10.0.0.13462', 'Producer': 'Hancom PDF 1.3.0.542', 'CreationDate': ""D:20231208132838+09'00'"", 'ModDate': ""D:20231208132838+09'00'"", 'PDFVersion': '1.4', 'filename': '/Users/imkdw/study/RAG 비법노트/22. RAG 평가와 개선/SPRI_AI_Brief_2023년12월호_F.pdf'}]",True,"기술, 기술, 경제적 가치를 연결하는 2024년 AI 이벤트에는 어떤 것이 있을까요?","기술, 기술, 경제적 가치를 연결하는 2024년 AI 행사로는 CES 2024, AIMLA 2024, AAAI 컨퍼런스가 있습니다. CES 2024는 다양한 기술과 그 경제적 영향에 초점을 맞추고, AIMLA 2024는 AI가 기술과 경제적 가치에 미치는 영향을 다루며, AAAI 컨퍼런스는 AI의 발전과 그 응용을 탐구할 예정입니다."
"['SPRi AI Brief |\n2023-12월호\nG7, 히로시마 AI 프로세스를 통해 AI 기업 대상 국제 행동강령에 합의\nKEY Contents\nn G7이 첨단 AI 시스템을 개발하는 기업을 대상으로 AI 위험 식별과 완화를 위해 자발적인\n채택을 권고하는 AI 국제 행동강령을 마련\nn 행동강령은 AI 수명주기 전반에 걸친 위험 평가와 완화, 투명성과 책임성의 보장, 정보공유와\n이해관계자 간 협력, 보안 통제, 콘텐츠 인증과 출처 확인 등의 조치를 요구\n£G7, 첨단 AI 시스템의 위험 관리를 위한 국제 행동강령 마련\nn 주요 7개국(G7)*은 2023년 10월 30일 ‘히로시마 AI 프로세스’를 통해 AI 기업 대상의 AI 국제\n행동강령(International Code of Conduct for Advanced AI Systems)에 합의\n∙ G7은 2023년 5월 일본 히로시마에서 개최된 정상회의에서 생성 AI에 관한 국제규범 마련과\n정보공유를 위해 ‘히로시마 AI 프로세스’를 출범**\n∙ 기업의 자발적 채택을 위해 마련된 이번 행동강령은 기반모델과 생성 AI를 포함한 첨단 AI 시스템의\n위험 식별과 완화에 필요한 조치를 포함\n* 주요 7개국(G7)은 미국, 일본, 독일, 영국, 프랑스, 이탈리아, 캐나다를 의미\n** 5월 정상회의에는 한국, 호주, 베트남 등을 포함한 8개국이 초청을 받았으나, AI 국제 행동강령에는 우선 G7 국가만 포함하여 채택\nn G7은 행동강령을 통해 아래의 조치를 제시했으며, 빠르게 발전하는 기술에 대응할 수 있도록\n이해관계자 협의를 통해 필요에 따라 개정할 예정\n∙ 첨단 AI 시스템의 개발 과정에서 AI 수명주기 전반에 걸쳐 위험을 평가 및 완화하는 조치를 채택하고,\n첨단 AI 시스템의 출시와 배포 이후 취약점과 오용 사고, 오용 유형을 파악해 완화\n∙ 첨단 AI 시스템의 성능과 한계를 공개하고 적절하거나 부적절한 사용영역을 알리는 방법으로 투명성을\n보장하고 책임성을 강화', '∙ 첨단 AI 시스템의 성능과 한계를 공개하고 적절하거나 부적절한 사용영역을 알리는 방법으로 투명성을\n보장하고 책임성을 강화\n∙ 산업계, 정부, 시민사회, 학계를 포함해 첨단 AI 시스템을 개발하는 조직 간 정보공유와 사고 발생 시\n신고를 위해 협력하고, 위험 기반 접근방식을 토대로 개인정보보호 정책과 위험 완화 조치를 포함하는\nAI 거버넌스와 위험 관리 정책을 마련\n∙ AI 수명주기 전반에 걸쳐 물리보안, 사이버보안, 내부자 위협 보안을 포함한 강력한 보안 통제 구현\n∙ 사용자가 AI 생성 콘텐츠를 식별할 수 있도록 워터마크를 비롯하여 기술적으로 가능한 기법으로\n신뢰할 수 있는 콘텐츠 인증과 출처 확인 메커니즘을 개발 및 구축\n∙ 사회적 위험과 안전·보안 문제를 완화하는 연구와 효과적인 완화 대책에 우선 투자하고, 기후 위기\n대응, 세계 보건과 교육 등 세계적 난제 해결을 위한 첨단 AI 시스템을 우선 개발\n∙ 국제 기술 표준의 개발 및 채택을 가속화하고, 개인정보와 지식재산권 보호를 위해 데이터 입력과 수집\n시 적절한 보호 장치 구현\n☞ 출처: G7, Hiroshima Process International Code of Conduct for Advanced AI Systems, 2023.10.30.\n2', '문제를 방지하는 조치를 확대\n∙ 형사사법 시스템에서 AI 사용 모범사례를 개발하고, 주택 임대 시 AI 알고리즘 차별을 막기 위한 명확한\n지침을 제공하며, 보건복지 부문에서 책임 있는 AI 배포와 사용을 위한 전략을 마련\nn (소비자 보호와 근로자 지원) 의료 분야에서 책임 있는 AI 사용을 촉진하고 맞춤형 개인교습 등 학교\n내 AI 교육 도구 관련 자원을 개발하며, AI로 인한 근로자 피해를 완화하고 이점을 극대화하는 원칙과\n모범사례를 마련\nn (혁신과 경쟁 촉진) 국가AI연구자원(National Artificial Intelligence Research Resource, NAIRR)*을\n통해 미국 전역의 AI 연구를 촉진하고, 중소기업과 개발자에 기술과 인프라를 지원\n* 국가 차원에서 AI 연구 인프라를 확충해 더 많은 AI 연구자에게 인프라를 지원하는 프로그램\n∙ 비자 기준과 인터뷰 절차의 현대화와 간소화로 AI 관련 주요 분야의 전문 지식을 갖춘 외국인들이 미국에서\n공부하고 취업할 수 있도록 지원\n☞ 출처 : The White House, Executive Order on the Safe, Secure, and Trustworthy Development and Use of\nArtificial Intelligence (E.O. 14110), 2023.10.30.']",multi_context,"[{'source': '/Users/imkdw/study/RAG 비법노트/22. RAG 평가와 개선/SPRI_AI_Brief_2023년12월호_F.pdf', 'file_path': '/Users/imkdw/study/RAG 비법노트/22. RAG 평가와 개선/SPRI_AI_Brief_2023년12월호_F.pdf', 'page': 4, 'total_pages': 23, 'Author': 'dj', 'Creator': 'Hwp 2018 10.0.0.13462', 'Producer': 'Hancom PDF 1.3.0.542', 'CreationDate': ""D:20231208132838+09'00'"", 'ModDate': ""D:20231208132838+09'00'"", 'PDFVersion': '1.4', 'filename': '/Users/imkdw/study/RAG 비법노트/22. RAG 평가와 개선/SPRI_AI_Brief_2023년12월호_F.pdf'}, {'source': '/Users/imkdw/study/RAG 비법노트/22. RAG 평가와 개선/SPRI_AI_Brief_2023년12월호_F.pdf', 'file_path': '/Users/imkdw/study/RAG 비법노트/22. RAG 평가와 개선/SPRI_AI_Brief_2023년12월호_F.pdf', 'page': 4, 'total_pages': 23, 'Author': 'dj', 'Creator': 'Hwp 2018 10.0.0.13462', 'Producer': 'Hancom PDF 1.3.0.542', 'CreationDate': ""D:20231208132838+09'00'"", 'ModDate': ""D:20231208132838+09'00'"", 'PDFVersion': '1.4', 'filename': '/Users/imkdw/study/RAG 비법노트/22. RAG 평가와 개선/SPRI_AI_Brief_2023년12월호_F.pdf'}, {'source': '/Users/imkdw/study/RAG 비법노트/22. RAG 평가와 개선/SPRI_AI_Brief_2023년12월호_F.pdf', 'file_path': '/Users/imkdw/study/RAG 비법노트/22. RAG 평가와 개선/SPRI_AI_Brief_2023년12월호_F.pdf', 'page': 3, 'total_pages': 23, 'Author': 'dj', 'Creator': 'Hwp 2018 10.0.0.13462', 'Producer': 'Hancom PDF 1.3.0.542', 'CreationDate': ""D:20231208132838+09'00'"", 'ModDate': ""D:20231208132838+09'00'"", 'PDFVersion': '1.4', 'filename': '/Users/imkdw/study/RAG 비법노트/22. RAG 평가와 개선/SPRI_AI_Brief_2023년12월호_F.pdf'}]",True,어떤 윤리적 이슈와 규정이 AI ML 기술을 이끌어야 할까요?,이 문맥은 AI ML 기술을 안내해야 하는 구체적인 윤리적 문제와 규정을 제공하지 않습니다.
"['* 편향된 훈련 데이터에 대한 분석기술, 민감한 정보를 포함하는 AI 시스템에 대한 미세 조정 방법\nn (정보 교류 활성화) 현행 개인정보보호와 데이터 규제 하에서 연구소와 정책입안자, 국제 파트너,\n학계, 시민사회 및 일반 대중과 정보 공유 채널을 구축\n∙ AI 안전성 정상회의(AI Safety Summit)에서 합의된 대로 첨단 AI 모델의 평가 후 해당 모델이 배포된\n타국의 정부 및 연구소와 평가 결과를 공유하고, 학계와 대중이 AI 시스템의 피해와 취약점을 보고할 수\n있는 명확한 절차를 수립\n☞ 출처 : Gov.uk, Introducing the AI Safety Institute, 2023.11.02.\nVenturebeat, Researchers turn to Harry Potter to make AI forget about copyrighted material, 2023.10.06.', '∙ 첨단 AI 시스템의 성능과 한계를 공개하고 적절하거나 부적절한 사용영역을 알리는 방법으로 투명성을\n보장하고 책임성을 강화\n∙ 산업계, 정부, 시민사회, 학계를 포함해 첨단 AI 시스템을 개발하는 조직 간 정보공유와 사고 발생 시\n신고를 위해 협력하고, 위험 기반 접근방식을 토대로 개인정보보호 정책과 위험 완화 조치를 포함하는\nAI 거버넌스와 위험 관리 정책을 마련\n∙ AI 수명주기 전반에 걸쳐 물리보안, 사이버보안, 내부자 위협 보안을 포함한 강력한 보안 통제 구현\n∙ 사용자가 AI 생성 콘텐츠를 식별할 수 있도록 워터마크를 비롯하여 기술적으로 가능한 기법으로\n신뢰할 수 있는 콘텐츠 인증과 출처 확인 메커니즘을 개발 및 구축\n∙ 사회적 위험과 안전·보안 문제를 완화하는 연구와 효과적인 완화 대책에 우선 투자하고, 기후 위기\n대응, 세계 보건과 교육 등 세계적 난제 해결을 위한 첨단 AI 시스템을 우선 개발\n∙ 국제 기술 표준의 개발 및 채택을 가속화하고, 개인정보와 지식재산권 보호를 위해 데이터 입력과 수집\n시 적절한 보호 장치 구현\n☞ 출처: G7, Hiroshima Process International Code of Conduct for Advanced AI Systems, 2023.10.30.\n2']",multi_context,"[{'source': '/Users/imkdw/study/RAG 비법노트/22. RAG 평가와 개선/SPRI_AI_Brief_2023년12월호_F.pdf', 'file_path': '/Users/imkdw/study/RAG 비법노트/22. RAG 평가와 개선/SPRI_AI_Brief_2023년12월호_F.pdf', 'page': 17, 'total_pages': 23, 'Author': 'dj', 'Creator': 'Hwp 2018 10.0.0.13462', 'Producer': 'Hancom PDF 1.3.0.542', 'CreationDate': ""D:20231208132838+09'00'"", 'ModDate': ""D:20231208132838+09'00'"", 'PDFVersion': '1.4', 'filename': '/Users/imkdw/study/RAG 비법노트/22. RAG 평가와 개선/SPRI_AI_Brief_2023년12월호_F.pdf'}, {'source': '/Users/imkdw/study/RAG 비법노트/22. RAG 평가와 개선/SPRI_AI_Brief_2023년12월호_F.pdf', 'file_path': '/Users/imkdw/study/RAG 비법노트/22. RAG 평가와 개선/SPRI_AI_Brief_2023년12월호_F.pdf', 'page': 4, 'total_pages': 23, 'Author': 'dj', 'Creator': 'Hwp 2018 10.0.0.13462', 'Producer': 'Hancom PDF 1.3.0.542', 'CreationDate': ""D:20231208132838+09'00'"", 'ModDate': ""D:20231208132838+09'00'"", 'PDFVersion': '1.4', 'filename': '/Users/imkdw/study/RAG 비법노트/22. RAG 평가와 개선/SPRI_AI_Brief_2023년12월호_F.pdf'}]",True,AI가 민감한 정보를 처리할 때 특히 투명성 및 오용과 관련하여 어떤 데이터 프라이버시 문제가 발생할 수 있나요?,"이 문맥에서는 민감한 정보의 취급, 투명성 및 오용 방지의 중요성 등 AI의 다양한 측면에 대해 논의합니다. 그러나 민감한 정보를 처리하는 AI와 관련된 구체적인 데이터 개인정보 보호 문제는 명시적으로 언급하지 않습니다."
"['1. 정책/법제 2. 기업/산업 3. 기술/연구 4. 인력/교육\n미국 연방거래위원회, 저작권청에 소비자 보호와 경쟁 측면의 AI 의견서 제출\nKEY Contents\nn 미국 FTC는 저작권청이 실시한 저작권과 AI 관련 질의공고에 대하여 소비자 보호와 경쟁\n측면의 의견을 제시\nn FTC는 생성 AI로 인한 창작자와 소비자 피해의 가능성에 우려를 표시하는 한편, 일부\n빅테크가 막대한 재원을 활용해 시장 지배력을 더욱 강화할 수 있다는 우려를 제기\n£FTC, 생성 AI로 인한 소비자와 창작자의 피해 및 빅테크의 시장 지배력 강화 우려\nn 미국 연방거래위원회(FTC)가 2023년 10월 30일 저작권청(U.S. Copyright Office, USCO)이\n지난 9월 발표한 저작권과 AI 관련 질의공고(Notice of Inquiry, NOI)에 대한 의견서를 발표\n∙ 저작권청은 생성 AI와 관련된 저작권법과 정책 이슈를 조사하고 있으며, 폭넓은 의견 수렴을 통해\n입법과 규제 조치의 필요성을 검토할 계획\n∙ FTC는 생성 AI의 개발과 배포가 소비자, 근로자, 중소기업에 피해를 줄 수 있다며 소비자의 개인정보\n침해, 차별과 편견의 자동화, 사기 범죄 등 AI 사용과 관련된 위험에 주목\nn FTC는 저작권법에 따른 권리와 책임 범위를 넘어서는 저작권 문제에 주목하여 생성 AI로 인해\n창작자의 경쟁력이 불공정한 피해를 볼 수 있으며, 소비자가 특정 창작자의 작품을 생성 AI가\n만들었다고 오해할 소지가 있다고 지적\n∙ 저작권법에 저촉되는 행위는 불공정 경쟁이나 기만행위에도 해당될 수 있으며, 창작자의 평판 악화,\n저작물의 가치 저하나 개인정보 유출로 소비자에 상당한 피해를 초래 가능\nn FTC는 일부 빅테크가 막대한 재원을 활용해 생성 AI 사용자의 이탈을 막고 저작권이 있는 상용\n데이터에 대한 독점 라이선스를 확보해 시장 지배력을 더욱 강화할 수 있다는 우려도 제기']",conditional,"[{'source': '/Users/imkdw/study/RAG 비법노트/22. RAG 평가와 개선/SPRI_AI_Brief_2023년12월호_F.pdf', 'file_path': '/Users/imkdw/study/RAG 비법노트/22. RAG 평가와 개선/SPRI_AI_Brief_2023년12월호_F.pdf', 'page': 7, 'total_pages': 23, 'Author': 'dj', 'Creator': 'Hwp 2018 10.0.0.13462', 'Producer': 'Hancom PDF 1.3.0.542', 'CreationDate': ""D:20231208132838+09'00'"", 'ModDate': ""D:20231208132838+09'00'"", 'PDFVersion': '1.4', 'filename': '/Users/imkdw/study/RAG 비법노트/22. RAG 평가와 개선/SPRI_AI_Brief_2023년12월호_F.pdf'}]",True,마케팅에서 AI의 증가는 FTC 규정과 소비자 보호에 어떤 영향을 미칠까요?,"이 문맥에서는 소비자 보호에 대한 잠재적 영향과 마케팅 전략에서 AI 사용에 대한 규제의 필요성 등 마케팅에서 AI의 영향에 대해 FTC가 어떻게 대처하고 있는지에 대해 설명합니다. 여기에는 FTC가 AI가 소비자 행동에 어떤 영향을 미칠 수 있는지, 그리고 AI 사용의 맥락에서 소비자 보호법을 준수하는 것이 중요하다는 점을 고려하고 있다고 언급하고 있습니다."
"['1. 정책/법제 2. 기업/산업 3. 기술/연구 4. 인력/교육\n알리바바 클라우드, 최신 LLM ‘통이치엔원 2.0’ 공개\nKEY Contents\nn 알리바바 클라우드가 복잡한 지침 이해, 광고문구 작성, 추론, 암기 등에서 성능이 향상된 최신\nLLM ‘통이치엔원 2.0’을 공개\nn 알리바바 클라우드는 산업별로 특화된 생성 AI 모델을 공개하는 한편, 모델 개발과 애플리케이션\n구축 절차를 간소화하는 올인원 AI 모델 구축 플랫폼도 출시\n£알리바바의 통이치엔원 2.0, 주요 벤치마크 테스트에서 여타 LLM 능가\nn 중국의 알리바바 클라우드가 2023년 10월 31일 열린 연례 기술 컨퍼런스에서 최신 LLM ‘통이\n치엔원(Tongyi Qianwen) 2.0’을 공개\n∙ 알리바바 클라우드는 통이치엔원 2.0이 2023년 4월 출시된 1.0 버전보다 복잡한 지침 이해,\n광고문구 작성, 추론, 암기 등에서 성능이 향상되었다고 설명\n∙ 통이치엔원 2.0은 언어 이해 테스트(MMLU), 수학(GSM8k), 질문 답변(ARC-C)과 같은 벤치마크\n테스트에서 라마(Llama-2-70B)와 GPT-3.5를 비롯한 주요 AI 모델을 능가\n∙ 통이치엔원 2.0은 알리바바 클라우드의 웹사이트와 모바일 앱을 통해 대중에 제공되며 개발자는\nAPI를 통해 사용 가능\nn 알리바바 클라우드는 여러 산업 영역에서 생성 AI를 활용해 사업 성과를 개선할 수 있도록 지원\n하는 산업별 모델도 출시\n∙ 산업 영역은 고객지원, 법률 상담, 의료, 금융, 문서관리, 오디오와 동영상 관리, 코드 개발, 캐릭터\n제작을 포함\nn 알리바바 클라우드는 급증하는 생성 AI 수요에 대응해 모델 개발과 애플리케이션 구축 절차를\n간소화하는 올인원 AI 모델 구축 플랫폼 ‘젠AI(GenAI)’도 공개\n∙ 이 플랫폼은 데이터 관리, 모델 배포와 평가, 신속한 엔지니어링을 위한 종합 도구 모음을 제공하여\n다양한 기업들이 맞춤형 AI 모델을 한층 쉽게 개발할 수 있도록 지원']",conditional,"[{'source': '/Users/imkdw/study/RAG 비법노트/22. RAG 평가와 개선/SPRI_AI_Brief_2023년12월호_F.pdf', 'file_path': '/Users/imkdw/study/RAG 비법노트/22. RAG 평가와 개선/SPRI_AI_Brief_2023년12월호_F.pdf', 'page': 11, 'total_pages': 23, 'Author': 'dj', 'Creator': 'Hwp 2018 10.0.0.13462', 'Producer': 'Hancom PDF 1.3.0.542', 'CreationDate': ""D:20231208132838+09'00'"", 'ModDate': ""D:20231208132838+09'00'"", 'PDFVersion': '1.4', 'filename': '/Users/imkdw/study/RAG 비법노트/22. RAG 평가와 개선/SPRI_AI_Brief_2023년12월호_F.pdf'}]",True,통이췐웬 2.0의 어떤 주요 업그레이드가 성능을 향상시킬 수 있나요?,이 문맥에서는 통이췐웬 2.0의 성능을 향상시킬 수 있는 주요 업그레이드에 대한 구체적인 세부 정보는 제공하지 않습니다.
